0,0
0,1
0,2
1,0
1,1
1,2
2,0
2,1
2,2
3,0
3,1
3,2
3,3
3,4
3,5
3,6
3,7
3,8
4,0
4,1
4,2
4,3
4,4
4,5
5,0
5,1
5,2
5,3
5,4
5,5
5,6
5,7
6,0
6,1
6,2
6,3
6,4
6,5
6,6
6,7
6,8
6,9
6,10
6,11
6,12
6,13
6,14
6,15
6,16
6,17
6,18
6,19
7,0
7,1
7,2
7,3
7,4
7,5
7,6
7,7
7,8
7,9
7,10
7,11
7,12
7,13
7,14
7,15
7,16
8,0
8,1
8,2
9,0
9,1
9,2
9,3
9,4
9,5
9,6
9,7
9,8
9,9
9,10
9,11
10,0
10,1
10,2
10,3
10,4
10,5
10,6
10,7
10,8
10,9
10,10
10,11
10,12
11,0
11,1
11,2
11,3
11,4
11,5
11,6
11,7
11,8
11,9
11,10
11,11
11,12
11,13
12,0
12,1
12,2
12,3
12,4
12,5
12,6
12,7
12,8
12,9
12,10
12,11
12,12
12,13
12,14
12,15
12,16
12,17
13,0
13,1
13,2
13,3
13,4
13,5
13,6
13,7
13,8
13,9
13,10
13,11
13,12
13,13
13,14
13,15
13,16
13,17
14,0
14,1
14,2
14,3
15,0
15,1
15,2
15,3
15,4
15,5
15,6
16,0
16,1
16,2
16,3
16,4
16,5
16,6
16,7
16,8
16,9
16,10
16,11
16,12
16,13
16,14
16,15
17,0
17,1
17,2
18,0
18,1
18,2
18,3
18,4
18,5
18,6
18,7
18,8
18,9
18,10
18,11
18,12
18,13
18,14
18,15
18,16
18,17
18,18
19,0
19,1
19,2
19,3
19,4
19,5
19,6
19,7
19,8
19,9
19,10
19,11
19,12
19,13
19,14
19,15
20,0
20,1
20,2
20,3
20,4
20,5
20,6
20,7
20,8
20,9
20,10
20,11
20,12
20,13
20,14
20,15
20,16
20,17
20,18
20,19
21,0
21,1
21,2
21,3
21,4
21,5
21,6
21,7
21,8
21,9
21,10
21,11
22,0
22,1
22,2
22,3
23,0
23,1
23,2
23,3
23,4
23,5
23,6
23,7
23,8
23,9
24,0
24,1
24,2
24,3
24,4
24,5
24,6
24,7
24,8
25,0
25,1
25,2
26,0
26,1
26,2
26,3
26,4
26,5
26,6
26,7
26,8
26,9
26,10
26,11
26,12
26,13
26,14
26,15
26,16
26,17
26,18
27,0
27,1
27,2
27,3
27,4
27,5
27,6
27,7
28,0
28,1
28,2
28,3
28,4
28,5
28,6
28,7
28,8
28,9
28,10
28,11
29,0
29,1
29,2
29,3
29,4
29,5
29,6
29,7
29,8
29,9
29,10
29,11
29,12
29,13
29,14
29,15
30,0
30,1
30,2
30,3
30,4
30,5
30,6
30,7
30,8
30,9
30,10
30,11
30,12
30,13
30,14
30,15
31,0
31,1
32,0
32,1
32,2
32,3
32,4
33,0
33,1
33,2
33,3
34,0
34,1
34,2
34,3
34,4
34,5
34,6
34,7
34,8
34,9
34,10
34,11
35,0
35,1
35,2
35,3
35,4
35,5
35,6
35,7
35,8
35,9
35,10
35,11
35,12
35,13
35,14
36,0
36,1
36,2
36,3
36,4
36,5
36,6
36,7
36,8
36,9
36,10
36,11
36,12
36,13
37,0
38,0
38,1
38,2
38,3
38,4
38,5
38,6
38,7
38,8
38,9
39,0
39,1
40,0
41,0
41,1
41,2
41,3
41,4
41,5
41,6
41,7
41,8
41,9
41,10
41,11
41,12
41,13
41,14
41,15
41,16
41,17
41,18
42,0
42,1
42,2
42,3
42,4
42,5
42,6
42,7
42,8
42,9
42,10
42,11
42,12
43,0
43,1
43,2
43,3
43,4
43,5
43,6
43,7
43,8
44,0
45,0
45,1
45,2
45,3
45,4
45,5
46,0
46,1
46,2
46,3
46,4
46,5
46,6
46,7
46,8
46,9
46,10
46,11
46,12
46,13
46,14
46,15
46,16
46,17
46,18
46,19
47,0
47,1
47,2
47,3
47,4
47,5
47,6
47,7
47,8
47,9
47,10
47,11
48,0
48,1
48,2
48,3
48,4
48,5
48,6
48,7
48,8
48,9
48,10
48,11
48,12
49,0
49,1
49,2
50,0
50,1
50,2
50,3
50,4
50,5
50,6
50,7
50,8
50,9
50,10
50,11
51,0
51,1
51,2
51,3
51,4
51,5
51,6
51,7
51,8
52,0
52,1
52,2
52,3
52,4
52,5
52,6
52,7
52,8
52,9
52,10
53,0
53,1
53,2
53,3
53,4
53,5
53,6
53,7
53,8
53,9
53,10
53,11
53,12
54,0
55,0
56,0
56,1
56,2
56,3
56,4
56,5
57,0
57,1
57,2
57,3
57,4
57,5
57,6
57,7
57,8
57,9
57,10
57,11
57,12
57,13
58,0
58,1
58,2
58,3
58,4
58,5
59,0
59,1
60,0
60,1
60,2
60,3
60,4
61,0
61,1
61,2
61,3
61,4
61,5
61,6
62,0
62,1
62,2
62,3
62,4
62,5
62,6
62,7
62,8
62,9
63,0
63,1
63,2
63,3
63,4
63,5
63,6
63,7
63,8
63,9
63,10
63,11
63,12
63,13
64,0
64,1
64,2
64,3
64,4
64,5
64,6
64,7
64,8
64,9
64,10
64,11
64,12
64,13
64,14
64,15
64,16
64,17
64,18
65,0
65,1
65,2
65,3
65,4
65,5
65,6
65,7
65,8
66,0
66,1
66,2
66,3
66,4
66,5
66,6
66,7
66,8
66,9
66,10
66,11
66,12
67,0
67,1
67,2
67,3
67,4
67,5
67,6
68,0
68,1
68,2
68,3
68,4
68,5
68,6
69,0
69,1
69,2
70,0
70,1
70,2
71,0
71,1
71,2
71,3
71,4
71,5
71,6
72,0
72,1
72,2
72,3
72,4
72,5
72,6
72,7
72,8
72,9
72,10
72,11
73,0
73,1
73,2
73,3
73,4
73,5
73,6
73,7
73,8
74,0
75,0
75,1
75,2
75,3
75,4
75,5
75,6
75,7
76,0
76,1
76,2
76,3
76,4
76,5
76,6
76,7
76,8
76,9
76,10
76,11
76,12
77,0
77,1
77,2
77,3
77,4
77,5
77,6
77,7
77,8
77,9
77,10
78,0
78,1
78,2
78,3
78,4
78,5
78,6
78,7
78,8
78,9
78,10
78,11
78,12
78,13
78,14
79,0
79,1
79,2
79,3
79,4
79,5
79,6
79,7
79,8
79,9
79,10
79,11
80,0
81,0
81,1
81,2
81,3
82,0
82,1
82,2
82,3
82,4
82,5
82,6
82,7
82,8
82,9
82,10
83,0
83,1
83,2
83,3
83,4
83,5
83,6
83,7
83,8
84,0
84,1
84,2
84,3
84,4
84,5
84,6
84,7
84,8
84,9
85,0
85,1
85,2
85,3
86,0
86,1
86,2
86,3
86,4
86,5
86,6
87,0
87,1
87,2
87,3
87,4
87,5
88,0
88,1
88,2
88,3
88,4
88,5
88,6
88,7
88,8
88,9
88,10
88,11
88,12
88,13
89,0
89,1
89,2
89,3
89,4
89,5
89,6
89,7
90,0
90,1
90,2
90,3
90,4
90,5
90,6
90,7
90,8
90,9
91,0
91,1
91,2
91,3
91,4
91,5
92,0
93,0
93,1
94,0
94,1
94,2
94,3
94,4
94,5
94,6
94,7
94,8
94,9
94,10
94,11
94,12
94,13
94,14
95,0
95,1
95,2
95,3
95,4
95,5
95,6
95,7
95,8
95,9
95,10
95,11
95,12
95,13
95,14
95,15
95,16
95,17
96,0
96,1
96,2
96,3
96,4
96,5
96,6
96,7
96,8
96,9
96,10
96,11
96,12
96,13
96,14
96,15
96,16
96,17
96,18
97,0
97,1
98,0
98,1
98,2
98,3
98,4
99,0
99,1
100,0
100,1
100,2
100,3
100,4
100,5
100,6
100,7
100,8
100,9
100,10
100,11
100,12
100,13
100,14
101,0
101,1
101,2
101,3
101,4
101,5
101,6
101,7
102,0
102,1
102,2
102,3
102,4
102,5
102,6
102,7
102,8
102,9
102,10
102,11
102,12
102,13
103,0
103,1
103,2
103,3
103,4
103,5
103,6
103,7
103,8
103,9
103,10
104,0
104,1
104,2
104,3
104,4
104,5
104,6
104,7
105,0
105,1
105,2
105,3
105,4
105,5
105,6
105,7
105,8
105,9
105,10
105,11
105,12
105,13
106,0
106,1
106,2
106,3
106,4
106,5
106,6
106,7
106,8
106,9
106,10
106,11
106,12
106,13
106,14
106,15
106,16
106,17
106,18
107,0
107,1
107,2
107,3
107,4
107,5
107,6
108,0
108,1
108,2
108,3
108,4
108,5
108,6
108,7
108,8
108,9
108,10
108,11
108,12
108,13
109,0
109,1
109,2
109,3
109,4
109,5
109,6
109,7
109,8
109,9
109,10
109,11
109,12
109,13
109,14
109,15
109,16
109,17
109,18
110,0
110,1
110,2
110,3
110,4
110,5
110,6
110,7
110,8
110,9
110,10
110,11
110,12
111,0
111,1
111,2
111,3
111,4
111,5
111,6
111,7
111,8
111,9
111,10
111,11
111,12
111,13
112,0
112,1
112,2
113,0
113,1
113,2
113,3
113,4
113,5
113,6
113,7
113,8
113,9
113,10
113,11
113,12
113,13
113,14
113,15
113,16
113,17
114,0
114,1
114,2
114,3
114,4
114,5
114,6
114,7
115,0
115,1
115,2
115,3
115,4
115,5
115,6
115,7
115,8
115,9
115,10
115,11
115,12
115,13
115,14
115,15
116,0
116,1
116,2
116,3
116,4
116,5
116,6
116,7
116,8
116,9
116,10
116,11
116,12
117,0
117,1
117,2
117,3
117,4
117,5
117,6
117,7
117,8
117,9
117,10
117,11
117,12
117,13
117,14
117,15
117,16
117,17
118,0
118,1
118,2
118,3
118,4
118,5
118,6
118,7
119,0
119,1
119,2
119,3
119,4
119,5
119,6
120,0
120,1
120,2
120,3
120,4
120,5
120,6
120,7
120,8
120,9
120,10
121,0
121,1
121,2
121,3
121,4
121,5
121,6
121,7
122,0
122,1
122,2
122,3
122,4
122,5
122,6
123,0
123,1
123,2
123,3
123,4
124,0
124,1
124,2
124,3
124,4
124,5
124,6
124,7
124,8
124,9
124,10
124,11
124,12
124,13
124,14
124,15
124,16
125,0
125,1
126,0
126,1
126,2
126,3
126,4
126,5
126,6
126,7
126,8
126,9
126,10
126,11
126,12
126,13
126,14
126,15
127,0
127,1
127,2
127,3
127,4
127,5
127,6
127,7
127,8
127,9
127,10
127,11
127,12
127,13
127,14
127,15
128,0
128,1
128,2
128,3
128,4
128,5
128,6
128,7
128,8
128,9
129,0
129,1
129,2
129,3
129,4
129,5
129,6
129,7
129,8
129,9
129,10
129,11
129,12
129,13
129,14
130,0
130,1
130,2
130,3
130,4
130,5
130,6
130,7
130,8
130,9
130,10
130,11
130,12
130,13
130,14
131,0
131,1
131,2
131,3
131,4
131,5
131,6
131,7
132,0
132,1
132,2
132,3
132,4
132,5
132,6
132,7
132,8
132,9
132,10
132,11
132,12
132,13
132,14
132,15
133,0
133,1
133,2
134,0
134,1
134,2
134,3
134,4
134,5
134,6
134,7
134,8
134,9
134,10
134,11
134,12
134,13
135,0
135,1
135,2
136,0
137,0
137,1
137,2
137,3
137,4
138,0
138,1
138,2
138,3
138,4
138,5
138,6
138,7
138,8
138,9
138,10
138,11
138,12
138,13
138,14
138,15
139,0
139,1
139,2
139,3
139,4
139,5
139,6
139,7
139,8
139,9
139,10
139,11
139,12
139,13
139,14
140,0
140,1
140,2
140,3
140,4
140,5
140,6
141,0
141,1
141,2
141,3
141,4
141,5
141,6
141,7
141,8
141,9
141,10
141,11
141,12
141,13
141,14
141,15
141,16
141,17
141,18
142,0
142,1
142,2
142,3
143,0
143,1
143,2
143,3
143,4
143,5
143,6
143,7
143,8
143,9
143,10
143,11
143,12
143,13
143,14
143,15
143,16
143,17
143,18
143,19
144,0
144,1
144,2
144,3
144,4
144,5
144,6
144,7
144,8
144,9
144,10
144,11
144,12
144,13
144,14
145,0
145,1
145,2
145,3
145,4
145,5
145,6
145,7
145,8
145,9
145,10
145,11
145,12
146,0
147,0
147,1
147,2
148,0
148,1
148,2
148,3
148,4
148,5
148,6
148,7
149,0
149,1
149,2
149,3
149,4
149,5
149,6
149,7
149,8
149,9
149,10
149,11
150,0
151,0
151,1
151,2
151,3
151,4
151,5
151,6
152,0
152,1
152,2
152,3
152,4
152,5
152,6
152,7
153,0
153,1
153,2
154,0
154,1
154,2
154,3
154,4
154,5
154,6
155,0
155,1
155,2
155,3
155,4
155,5
155,6
155,7
155,8
155,9
155,10
155,11
155,12
155,13
155,14
155,15
155,16
155,17
156,0
156,1
156,2
156,3
157,0
157,1
157,2
158,0
158,1
158,2
158,3
158,4
158,5
158,6
159,0
159,1
159,2
159,3
159,4
159,5
159,6
159,7
159,8
159,9
159,10
159,11
159,12
159,13
159,14
159,15
159,16
160,0
160,1
160,2
160,3
160,4
160,5
160,6
161,0
161,1
161,2
161,3
161,4
161,5
161,6
161,7
161,8
161,9
161,10
161,11
161,12
161,13
162,0
162,1
162,2
162,3
162,4
162,5
162,6
162,7
162,8
162,9
162,10
162,11
162,12
162,13
162,14
162,15
163,0
163,1
163,2
163,3
163,4
163,5
163,6
163,7
163,8
163,9
163,10
163,11
163,12
163,13
163,14
163,15
164,0
164,1
164,2
164,3
164,4
164,5
164,6
164,7
164,8
164,9
164,10
164,11
164,12
164,13
164,14
164,15
164,16
164,17
165,0
165,1
165,2
165,3
165,4
165,5
165,6
165,7
166,0
166,1
166,2
166,3
166,4
166,5
166,6
166,7
166,8
167,0
167,1
167,2
167,3
167,4
167,5
167,6
167,7
167,8
167,9
167,10
167,11
167,12
168,0
168,1
168,2
168,3
168,4
168,5
168,6
168,7
168,8
168,9
168,10
168,11
168,12
168,13
168,14
168,15
168,16
168,17
169,0
169,1
169,2
169,3
169,4
169,5
169,6
169,7
169,8
169,9
169,10
169,11
169,12
169,13
169,14
169,15
169,16
169,17
169,18
170,0
170,1
170,2
170,3
170,4
170,5
170,6
170,7
171,0
171,1
171,2
171,3
171,4
171,5
171,6
171,7
171,8
171,9
171,10
171,11
171,12
171,13
171,14
171,15
171,16
172,0
172,1
172,2
172,3
172,4
172,5
172,6
172,7
172,8
172,9
173,0
174,0
174,1
174,2
174,3
174,4
174,5
175,0
175,1
175,2
175,3
175,4
175,5
175,6
175,7
175,8
175,9
175,10
175,11
175,12
175,13
175,14
175,15
176,0
176,1
176,2
176,3
176,4
176,5
176,6
176,7
176,8
176,9
176,10
176,11
176,12
176,13
176,14
176,15
176,16
176,17
176,18
176,19
177,0
177,1
177,2
177,3
177,4
177,5
177,6
177,7
177,8
178,0
178,1
178,2
179,0
179,1
179,2
179,3
179,4
179,5
179,6
179,7
180,0
180,1
180,2
180,3
180,4
180,5
181,0
181,1
181,2
181,3
181,4
181,5
181,6
181,7
181,8
181,9
181,10
182,0
182,1
182,2
182,3
182,4
182,5
182,6
182,7
182,8
182,9
182,10
182,11
182,12
182,13
182,14
182,15
183,0
183,1
183,2
183,3
183,4
183,5
183,6
183,7
183,8
183,9
183,10
184,0
184,1
184,2
184,3
184,4
184,5
184,6
184,7
184,8
184,9
184,10
184,11
184,12
184,13
184,14
184,15
184,16
184,17
185,0
185,1
185,2
185,3
185,4
185,5
186,0
186,1
186,2
186,3
187,0
187,1
187,2
187,3
187,4
187,5
187,6
187,7
187,8
187,9
187,10
187,11
188,0
188,1
188,2
188,3
188,4
188,5
188,6
188,7
188,8
188,9
188,10
188,11
188,12
188,13
189,0
189,1
189,2
189,3
189,4
189,5
190,0
190,1
190,2
190,3
190,4
190,5
190,6
190,7
190,8
190,9
190,10
190,11
190,12
190,13
190,14
190,15
190,16
190,17
191,0
191,1
191,2
191,3
191,4
191,5
192,0
192,1
192,2
192,3
192,4
192,5
192,6
192,7
192,8
192,9
193,0
193,1
193,2
193,3
193,4
193,5
194,0
194,1
194,2
194,3
195,0
195,1
195,2
195,3
195,4
195,5
195,6
195,7
195,8
195,9
195,10
195,11
195,12
196,0
197,0
197,1
197,2
197,3
197,4
197,5
197,6
198,0
198,1
198,2
198,3
198,4
198,5
198,6
198,7
199,0
199,1
199,2
199,3
199,4
199,5
199,6
199,7
199,8
199,9
199,10
200,0
200,1
200,2
200,3
200,4
200,5
200,6
200,7
200,8
200,9
200,10
201,0
201,1
201,2
202,0
202,1
202,2
202,3
202,4
202,5
202,6
202,7
202,8
202,9
202,10
202,11
203,0
203,1
203,2
203,3
203,4
203,5
203,6
203,7
203,8
204,0
204,1
204,2
204,3
204,4
204,5
204,6
204,7
204,8
204,9
204,10
204,11
204,12
204,13
204,14
204,15
204,16
205,0
205,1
205,2
205,3
205,4
205,5
205,6
205,7
206,0
206,1
206,2
206,3
206,4
206,5
206,6
206,7
206,8
206,9
206,10
206,11
206,12
206,13
207,0
207,1
207,2
207,3
207,4
207,5
207,6
207,7
207,8
207,9
207,10
207,11
207,12
207,13
207,14
207,15
207,16
207,17
207,18
208,0
208,1
208,2
208,3
208,4
208,5
208,6
208,7
208,8
209,0
209,1
209,2
209,3
209,4
209,5
209,6
209,7
209,8
209,9
210,0
210,1
210,2
210,3
210,4
210,5
210,6
210,7
210,8
210,9
210,10
210,11
210,12
210,13
210,14
210,15
211,0
211,1
211,2
211,3
211,4
211,5
211,6
211,7
211,8
211,9
211,10
211,11
211,12
211,13
211,14
211,15
211,16
211,17
211,18
212,0
212,1
212,2
212,3
212,4
212,5
212,6
212,7
212,8
212,9
212,10
212,11
212,12
212,13
213,0
213,1
213,2
213,3
213,4
213,5
213,6
213,7
213,8
213,9
213,10
213,11
214,0
214,1
215,0
215,1
215,2
215,3
215,4
215,5
215,6
215,7
215,8
215,9
215,10
215,11
215,12
215,13
215,14
215,15
215,16
215,17
216,0
216,1
216,2
216,3
216,4
216,5
216,6
216,7
216,8
216,9
216,10
216,11
216,12
216,13
216,14
216,15
216,16
216,17
217,0
217,1
217,2
217,3
217,4
217,5
217,6
217,7
217,8
217,9
217,10
217,11
217,12
217,13
217,14
217,15
218,0
218,1
218,2
218,3
218,4
218,5
218,6
218,7
218,8
218,9
218,10
218,11
218,12
218,13
218,14
218,15
218,16
218,17
218,18
218,19
219,0
219,1
219,2
219,3
219,4
219,5
219,6
219,7
219,8
219,9
219,10
220,0
220,1
220,2
220,3
220,4
220,5
220,6
220,7
220,8
220,9
220,10
221,0
221,1
222,0
222,1
222,2
222,3
223,0
223,1
223,2
223,3
223,4
223,5
223,6
223,7
223,8
223,9
223,10
223,11
223,12
223,13
223,14
223,15
223,16
224,0
224,1
224,2
225,0
225,1
225,2
225,3
225,4
225,5
225,6
225,7
225,8
225,9
226,0
226,1
226,2
226,3
226,4
226,5
226,6
226,7
226,8
226,9
226,10
226,11
226,12
226,13
226,14
226,15
226,16
227,0
227,1
227,2
227,3
227,4
227,5
227,6
227,7
228,0
228,1
228,2
228,3
228,4
228,5
229,0
229,1
229,2
229,3
229,4
229,5
229,6
229,7
229,8
229,9
229,10
229,11
229,12
229,13
229,14
229,15
229,16
229,17
229,18
230,0
231,0
231,1
231,2
231,3
231,4
231,5
232,0
232,1
232,2
232,3
232,4
232,5
232,6
232,7
232,8
232,9
232,10
232,11
232,12
232,13
233,0
233,1
233,2
233,3
233,4
233,5
233,6
233,7
233,8
233,9
234,0
234,1
234,2
234,3
234,4
234,5
234,6
234,7
235,0
235,1
235,2
235,3
235,4
235,5
235,6
235,7
235,8
235,9
235,10
235,11
235,12
236,0
236,1
236,2
236,3
236,4
236,5
236,6
236,7
236,8
236,9
236,10
236,11
236,12
236,13
236,14
236,15
236,16
236,17
237,0
237,1
237,2
237,3
237,4
237,5
237,6
237,7
237,8
237,9
238,0
238,1
238,2
239,0
239,1
239,2
239,3
239,4
239,5
239,6
240,0
240,1
240,2
240,3
240,4
240,5
240,6
240,7
240,8
241,0
241,1
241,2
241,3
241,4
241,5
241,6
241,7
241,8
241,9
241,10
241,11
241,12
241,13
241,14
241,15
241,16
242,0
242,1
242,2
242,3
242,4
242,5
242,6
242,7
242,8
242,9
242,10
242,11
242,12
243,0
243,1
243,2
243,3
243,4
243,5
243,6
243,7
243,8
243,9
243,10
243,11
243,12
243,13
244,0
244,1
245,0
246,0
246,1
246,2
246,3
246,4
246,5
246,6
246,7
246,8
246,9
247,0
247,1
247,2
247,3
247,4
247,5
247,6
247,7
247,8
247,9
247,10
248,0
248,1
248,2
248,3
248,4
248,5
248,6
248,7
248,8
248,9
248,10
248,11
248,12
248,13
248,14
248,15
248,16
248,17
248,18
249,0
249,1
249,2
249,3
249,4
249,5
249,6
249,7
249,8
249,9
249,10
249,11
249,12
249,13
249,14
249,15
249,16
249,17
249,18
250,0
250,1
250,2
251,0
251,1
251,2
251,3
251,4
251,5
251,6
251,7
251,8
251,9
251,10
252,0
252,1
252,2
252,3
252,4
252,5
252,6
252,7
253,0
254,0
255,0
256,0
256,1
256,2
256,3
256,4
256,5
256,6
256,7
256,8
256,9
256,10
256,11
256,12
256,13
256,14
256,15
256,16
256,17
256,18
257,0
257,1
257,2
257,3
257,4
257,5
257,6
257,7
257,8
257,9
257,10
257,11
257,12
257,13
257,14
258,0
259,0
259,1
259,2
259,3
259,4
259,5
259,6
259,7
259,8
259,9
259,10
259,11
259,12
259,13
259,14
259,15
259,16
259,17
259,18
259,19
260,0
260,1
260,2
260,3
260,4
260,5
260,6
260,7
260,8
260,9
260,10
260,11
260,12
260,13
260,14
260,15
260,16
260,17
261,0
261,1
261,2
261,3
261,4
261,5
261,6
261,7
261,8
261,9
261,10
261,11
262,0
262,1
262,2
262,3
262,4
262,5
262,6
263,0
263,1
263,2
263,3
264,0
264,1
264,2
264,3
264,4
264,5
264,6
264,7
264,8
264,9
264,10
264,11
264,12
264,13
264,14
265,0
266,0
267,0
267,1
267,2
267,3
267,4
268,0
268,1
268,2
268,3
268,4
268,5
268,6
268,7
268,8
268,9
269,0
270,0
270,1
270,2
270,3
270,4
270,5
270,6
270,7
270,8
270,9
270,10
270,11
270,12
271,0
272,0
272,1
272,2
272,3
272,4
272,5
272,6
272,7
272,8
272,9
272,10
272,11
272,12
272,13
272,14
272,15
272,16
272,17
272,18
272,19
273,0
273,1
273,2
274,0
274,1
274,2
274,3
274,4
274,5
274,6
275,0
275,1
275,2
275,3
275,4
275,5
275,6
275,7
275,8
275,9
275,10
276,0
276,1
276,2
276,3
276,4
276,5
277,0
277,1
277,2
277,3
277,4
277,5
277,6
277,7
277,8
277,9
277,10
277,11
277,12
277,13
277,14
277,15
277,16
277,17
277,18
277,19
278,0
278,1
278,2
278,3
278,4
278,5
278,6
278,7
279,0
279,1
279,2
279,3
279,4
279,5
279,6
279,7
280,0
280,1
280,2
280,3
280,4
280,5
280,6
280,7
280,8
280,9
280,10
280,11
280,12
280,13
281,0
281,1
281,2
281,3
281,4
281,5
281,6
281,7
281,8
281,9
281,10
281,11
281,12
281,13
282,0
282,1
282,2
282,3
282,4
282,5
282,6
282,7
282,8
282,9
283,0
283,1
283,2
283,3
283,4
283,5
283,6
283,7
283,8
283,9
283,10
283,11
283,12
283,13
284,0
284,1
284,2
284,3
284,4
284,5
284,6
284,7
284,8
285,0
286,0
286,1
286,2
286,3
286,4
286,5
286,6
286,7
286,8
287,0
287,1
287,2
287,3
287,4
287,5
287,6
287,7
287,8
287,9
287,10
287,11
287,12
287,13
287,14
287,15
287,16
287,17
287,18
287,19
288,0
288,1
289,0
289,1
289,2
289,3
289,4
289,5
290,0
290,1
290,2
290,3
290,4
290,5
290,6
290,7
290,8
290,9
290,10
290,11
290,12
291,0
291,1
291,2
291,3
292,0
292,1
292,2
292,3
292,4
293,0
293,1
293,2
294,0
295,0
295,1
295,2
295,3
295,4
295,5
295,6
295,7
295,8
295,9
295,10
295,11
295,12
295,13
295,14
295,15
295,16
295,17
295,18
296,0
296,1
296,2
296,3
297,0
297,1
297,2
297,3
297,4
297,5
297,6
298,0
298,1
298,2
298,3
298,4
298,5
298,6
298,7
298,8
298,9
298,10
298,11
298,12
298,13
298,14
298,15
298,16
298,17
298,18
299,0
299,1
300,0
300,1
300,2
300,3
300,4
301,0
301,1
301,2
301,3
301,4
301,5
301,6
301,7
301,8
301,9
301,10
301,11
301,12
301,13
301,14
302,0
302,1
302,2
302,3
302,4
302,5
302,6
302,7
302,8
302,9
302,10
302,11
303,0
303,1
303,2
303,3
304,0
304,1
304,2
304,3
305,0
305,1
305,2
305,3
305,4
305,5
305,6
305,7
305,8
305,9
305,10
305,11
306,0
306,1
306,2
306,3
306,4
306,5
306,6
306,7
306,8
306,9
306,10
306,11
306,12
306,13
306,14
306,15
307,0
307,1
307,2
307,3
307,4
307,5
307,6
307,7
307,8
308,0
308,1
308,2
308,3
308,4
308,5
308,6
308,7
308,8
309,0
309,1
309,2
309,3
309,4
310,0
310,1
310,2
310,3
311,0
311,1
311,2
311,3
311,4
311,5
311,6
311,7
311,8
312,0
312,1
312,2
313,0
313,1
313,2
313,3
313,4
313,5
313,6
313,7
313,8
313,9
313,10
313,11
313,12
313,13
313,14
313,15
313,16
313,17
314,0
314,1
314,2
314,3
314,4
314,5
314,6
314,7
314,8
314,9
314,10
315,0
315,1
315,2
315,3
315,4
315,5
315,6
315,7
315,8
315,9
315,10
315,11
315,12
315,13
315,14
315,15
316,0
316,1
316,2
316,3
316,4
316,5
316,6
316,7
316,8
316,9
316,10
316,11
316,12
316,13
316,14
316,15
316,16
316,17
316,18
317,0
317,1
317,2
317,3
317,4
317,5
317,6
317,7
317,8
317,9
317,10
317,11
318,0
318,1
318,2
318,3
318,4
319,0
319,1
319,2
319,3
319,4
319,5
319,6
319,7
319,8
319,9
319,10
319,11
319,12
319,13
319,14
320,0
320,1
321,0
321,1
321,2
321,3
321,4
321,5
321,6
321,7
321,8
321,9
321,10
321,11
321,12
321,13
321,14
321,15
321,16
321,17
321,18
321,19
322,0
322,1
322,2
322,3
322,4
322,5
322,6
322,7
322,8
322,9
322,10
322,11
322,12
322,13
322,14
323,0
323,1
323,2
323,3
323,4
323,5
324,0
324,1
324,2
324,3
324,4
324,5
324,6
324,7
324,8
324,9
324,10
324,11
325,0
325,1
325,2
325,3
325,4
325,5
325,6
325,7
325,8
325,9
325,10
325,11
325,12
325,13
325,14
326,0
326,1
326,2
326,3
326,4
326,5
326,6
326,7
326,8
326,9
326,10
326,11
326,12
326,13
326,14
326,15
326,16
326,17
327,0
327,1
327,2
327,3
327,4
327,5
327,6
327,7
327,8
327,9
327,10
327,11
327,12
327,13
327,14
327,15
327,16
328,0
328,1
328,2
328,3
328,4
328,5
328,6
328,7
328,8
328,9
328,10
328,11
328,12
328,13
328,14
328,15
328,16
328,17
328,18
328,19
329,0
329,1
329,2
329,3
329,4
329,5
329,6
330,0
331,0
331,1
331,2
331,3
331,4
331,5
331,6
331,7
331,8
331,9
331,10
331,11
331,12
331,13
331,14
331,15
331,16
331,17
331,18
331,19
332,0
332,1
332,2
332,3
332,4
332,5
332,6
332,7
332,8
332,9
332,10
332,11
332,12
333,0
333,1
333,2
333,3
334,0
334,1
334,2
334,3
334,4
334,5
334,6
334,7
334,8
334,9
334,10
334,11
334,12
335,0
335,1
335,2
335,3
335,4
335,5
335,6
335,7
335,8
335,9
335,10
335,11
335,12
335,13
335,14
335,15
335,16
336,0
336,1
336,2
336,3
336,4
336,5
336,6
337,0
337,1
337,2
337,3
337,4
337,5
337,6
337,7
337,8
337,9
337,10
337,11
337,12
337,13
338,0
338,1
338,2
338,3
338,4
338,5
338,6
338,7
338,8
338,9
338,10
338,11
338,12
338,13
338,14
338,15
338,16
338,17
339,0
339,1
339,2
339,3
339,4
339,5
339,6
339,7
339,8
339,9
339,10
340,0
340,1
340,2
340,3
340,4
340,5
340,6
340,7
340,8
340,9
340,10
340,11
340,12
340,13
341,0
341,1
341,2
341,3
341,4
341,5
341,6
341,7
341,8
341,9
341,10
341,11
341,12
341,13
341,14
341,15
341,16
342,0
342,1
342,2
342,3
342,4
342,5
342,6
342,7
342,8
342,9
342,10
342,11
342,12
343,0
343,1
343,2
343,3
343,4
343,5
343,6
343,7
344,0
344,1
344,2
344,3
344,4
344,5
344,6
344,7
344,8
345,0
345,1
345,2
345,3
345,4
345,5
345,6
345,7
345,8
345,9
345,10
345,11
345,12
345,13
345,14
345,15
345,16
345,17
346,0
346,1
346,2
346,3
346,4
346,5
347,0
347,1
347,2
347,3
347,4
347,5
347,6
347,7
347,8
347,9
347,10
347,11
347,12
347,13
347,14
347,15
347,16
347,17
347,18
348,0
348,1
349,0
349,1
349,2
349,3
349,4
349,5
349,6
349,7
349,8
349,9
349,10
350,0
350,1
350,2
350,3
350,4
350,5
350,6
350,7
350,8
350,9
350,10
350,11
350,12
350,13
350,14
350,15
350,16
350,17
351,0
351,1
351,2
351,3
351,4
351,5
351,6
351,7
351,8
351,9
351,10
351,11
351,12
352,0
352,1
352,2
352,3
352,4
352,5
352,6
352,7
352,8
352,9
352,10
352,11
352,12
352,13
352,14
353,0
353,1
353,2
353,3
353,4
354,0
354,1
354,2
354,3
354,4
354,5
355,0
355,1
355,2
355,3
356,0
356,1
356,2
356,3
356,4
356,5
356,6
356,7
356,8
356,9
356,10
356,11
356,12
357,0
357,1
357,2
357,3
357,4
357,5
357,6
357,7
357,8
357,9
357,10
357,11
357,12
357,13
357,14
357,15
357,16
358,0
358,1
358,2
358,3
358,4
358,5
358,6
358,7
358,8
358,9
358,10
358,11
358,12
358,13
358,14
358,15
359,0
359,1
359,2
359,3
359,4
360,0
360,1
361,0
361,1
361,2
361,3
361,4
361,5
361,6
361,7
361,8
361,9
361,10
361,11
361,12
361,13
361,14
361,15
361,16
362,0
362,1
362,2
362,3
362,4
362,5
362,6
363,0
363,1
363,2
363,3
363,4
363,5
363,6
363,7
363,8
363,9
363,10
363,11
363,12
363,13
363,14
363,15
363,16
363,17
363,18
363,19
364,0
364,1
364,2
364,3
364,4
364,5
364,6
364,7
364,8
364,9
364,10
364,11
364,12
364,13
364,14
364,15
364,16
364,17
365,0
366,0
366,1
366,2
366,3
366,4
366,5
366,6
367,0
367,1
367,2
367,3
367,4
367,5
367,6
367,7
367,8
367,9
367,10
367,11
367,12
367,13
367,14
367,15
367,16
367,17
367,18
367,19
368,0
368,1
368,2
368,3
369,0
369,1
369,2
369,3
369,4
370,0
370,1
370,2
370,3
370,4
370,5
370,6
370,7
370,8
370,9
370,10
370,11
370,12
370,13
370,14
370,15
370,16
371,0
372,0
372,1
372,2
372,3
372,4
372,5
372,6
372,7
372,8
372,9
372,10
372,11
372,12
372,13
372,14
372,15
372,16
373,0
373,1
373,2
373,3
373,4
373,5
373,6
374,0
374,1
374,2
374,3
374,4
375,0
375,1
375,2
375,3
375,4
375,5
375,6
375,7
375,8
375,9
376,0
376,1
376,2
376,3
376,4
376,5
376,6
376,7
377,0
377,1
377,2
377,3
377,4
377,5
377,6
377,7
377,8
377,9
377,10
377,11
377,12
377,13
377,14
377,15
377,16
377,17
377,18
377,19
378,0
378,1
379,0
379,1
379,2
379,3
379,4
379,5
379,6
379,7
379,8
379,9
379,10
379,11
380,0
380,1
380,2
380,3
380,4
380,5
380,6
380,7
380,8
380,9
380,10
380,11
380,12
380,13
380,14
381,0
381,1
381,2
381,3
381,4
381,5
381,6
381,7
381,8
381,9
381,10
381,11
381,12
381,13
381,14
381,15
381,16
381,17
381,18
382,0
383,0
383,1
384,0
384,1
384,2
384,3
384,4
384,5
384,6
384,7
384,8
385,0
385,1
385,2
385,3
386,0
386,1
386,2
386,3
386,4
386,5
386,6
386,7
386,8
386,9
386,10
386,11
386,12
386,13
386,14
386,15
386,16
386,17
386,18
387,0
387,1
388,0
388,1
388,2
389,0
389,1
389,2
389,3
389,4
389,5
389,6
389,7
389,8
389,9
389,10
389,11
389,12
389,13
389,14
390,0
390,1
390,2
390,3
390,4
390,5
390,6
390,7
390,8
390,9
390,10
390,11
390,12
390,13
390,14
390,15
390,16
390,17
390,18
391,0
391,1
391,2
391,3
391,4
391,5
391,6
392,0
392,1
392,2
392,3
392,4
392,5
392,6
392,7
393,0
393,1
393,2
393,3
393,4
393,5
393,6
393,7
393,8
394,0
394,1
394,2
394,3
394,4
394,5
394,6
394,7
394,8
394,9
394,10
394,11
394,12
394,13
394,14
394,15
395,0
395,1
395,2
395,3
395,4
395,5
395,6
395,7
395,8
395,9
395,10
395,11
395,12
396,0
396,1
396,2
396,3
396,4
396,5
396,6
396,7
396,8
396,9
396,10
396,11
396,12
397,0
397,1
397,2
397,3
397,4
397,5
398,0
398,1
398,2
398,3
398,4
399,0
399,1
399,2
400,0
400,1
400,2
400,3
400,4
400,5
400,6
400,7
400,8
400,9
400,10
400,11
400,12
400,13
400,14
400,15
400,16
400,17
401,0
401,1
401,2
401,3
401,4
401,5
401,6
401,7
401,8
401,9
401,10
401,11
401,12
401,13
401,14
401,15
401,16
402,0
402,1
402,2
402,3
402,4
402,5
402,6
402,7
402,8
402,9
402,10
402,11
403,0
403,1
403,2
403,3
403,4
403,5
403,6
404,0
404,1
404,2
404,3
404,4
404,5
404,6
404,7
404,8
404,9
404,10
404,11
404,12
405,0
405,1
405,2
405,3
405,4
405,5
405,6
405,7
405,8
405,9
405,10
405,11
405,12
405,13
405,14
405,15
406,0
406,1
406,2
406,3
406,4
406,5
406,6
406,7
406,8
406,9
406,10
406,11
406,12
406,13
406,14
406,15
406,16
406,17
406,18
407,0
407,1
407,2
407,3
408,0
408,1
408,2
408,3
409,0
409,1
409,2
409,3
409,4
409,5
409,6
409,7
409,8
409,9
409,10
409,11
409,12
409,13
410,0
410,1
410,2
410,3
410,4
410,5
410,6
410,7
410,8
410,9
410,10
410,11
410,12
410,13
410,14
410,15
411,0
411,1
411,2
411,3
411,4
412,0
413,0
413,1
413,2
413,3
413,4
413,5
413,6
413,7
413,8
413,9
413,10
414,0
415,0
415,1
415,2
415,3
415,4
415,5
415,6
415,7
415,8
415,9
415,10
415,11
415,12
415,13
415,14
415,15
415,16
416,0
416,1
416,2
417,0
417,1
417,2
417,3
417,4
417,5
418,0
418,1
418,2
418,3
418,4
418,5
419,0
419,1
419,2
419,3
419,4
420,0
420,1
421,0
421,1
421,2
421,3
421,4
421,5
421,6
421,7
421,8
421,9
421,10
422,0
422,1
422,2
422,3
422,4
422,5
422,6
422,7
422,8
422,9
422,10
422,11
422,12
423,0
424,0
425,0
425,1
425,2
425,3
425,4
425,5
425,6
425,7
425,8
425,9
426,0
427,0
427,1
427,2
427,3
427,4
427,5
427,6
427,7
427,8
427,9
427,10
427,11
427,12
427,13
427,14
427,15
428,0
428,1
428,2
429,0
429,1
429,2
429,3
429,4
429,5
429,6
430,0
430,1
431,0
431,1
431,2
431,3
431,4
431,5
431,6
431,7
431,8
431,9
431,10
431,11
431,12
432,0
432,1
432,2
432,3
432,4
432,5
432,6
432,7
432,8
432,9
432,10
432,11
432,12
433,0
433,1
433,2
433,3
433,4
434,0
434,1
434,2
434,3
434,4
434,5
434,6
434,7
434,8
434,9
434,10
434,11
434,12
434,13
434,14
434,15
435,0
435,1
435,2
435,3
435,4
435,5
435,6
435,7
436,0
436,1
436,2
436,3
436,4
436,5
436,6
437,0
437,1
437,2
437,3
437,4
437,5
437,6
437,7
437,8
437,9
437,10
437,11
437,12
438,0
438,1
438,2
438,3
438,4
438,5
438,6
438,7
438,8
438,9
438,10
438,11
438,12
438,13
438,14
438,15
438,16
438,17
439,0
439,1
439,2
439,3
439,4
440,0
440,1
440,2
441,0
441,1
441,2
441,3
441,4
441,5
441,6
441,7
441,8
441,9
441,10
441,11
441,12
441,13
441,14
442,0
442,1
442,2
442,3
442,4
442,5
443,0
443,1
443,2
443,3
443,4
443,5
443,6
443,7
443,8
444,0
444,1
444,2
444,3
445,0
445,1
445,2
445,3
445,4
445,5
445,6
445,7
445,8
445,9
445,10
445,11
445,12
445,13
445,14
446,0
446,1
446,2
446,3
446,4
446,5
446,6
446,7
446,8
446,9
446,10
447,0
447,1
447,2
447,3
447,4
447,5
447,6
447,7
447,8
447,9
447,10
447,11
447,12
447,13
447,14
447,15
447,16
448,0
448,1
448,2
448,3
448,4
448,5
448,6
448,7
448,8
448,9
448,10
448,11
448,12
448,13
449,0
449,1
449,2
449,3
449,4
449,5
449,6
449,7
449,8
449,9
450,0
450,1
450,2
450,3
450,4
450,5
450,6
450,7
450,8
450,9
450,10
450,11
450,12
450,13
450,14
450,15
451,0
451,1
451,2
451,3
451,4
451,5
451,6
452,0
452,1
452,2
452,3
452,4
452,5
453,0
453,1
454,0
454,1
454,2
454,3
454,4
454,5
454,6
454,7
454,8
454,9
454,10
454,11
454,12
454,13
454,14
454,15
454,16
454,17
454,18
455,0
455,1
455,2
455,3
455,4
455,5
455,6
455,7
455,8
455,9
455,10
455,11
455,12
455,13
455,14
455,15
455,16
455,17
455,18
456,0
457,0
457,1
457,2
457,3
457,4
457,5
457,6
457,7
457,8
457,9
457,10
457,11
457,12
458,0
458,1
459,0
459,1
459,2
459,3
459,4
459,5
459,6
459,7
459,8
459,9
459,10
459,11
460,0
460,1
460,2
460,3
460,4
460,5
460,6
460,7
460,8
460,9
460,10
460,11
460,12
460,13
461,0
461,1
461,2
462,0
462,1
462,2
462,3
462,4
462,5
462,6
462,7
462,8
462,9
462,10
462,11
462,12
462,13
462,14
462,15
462,16
462,17
462,18
463,0
463,1
463,2
463,3
463,4
463,5
463,6
463,7
463,8
464,0
464,1
465,0
465,1
465,2
465,3
466,0
466,1
466,2
466,3
466,4
466,5
466,6
466,7
466,8
467,0
467,1
467,2
467,3
467,4
467,5
467,6
467,7
467,8
467,9
468,0
468,1
468,2
468,3
468,4
468,5
468,6
468,7
468,8
468,9
468,10
469,0
469,1
469,2
469,3
469,4
469,5
469,6
469,7
469,8
469,9
469,10
470,0
470,1
470,2
470,3
470,4
470,5
470,6
470,7
470,8
470,9
470,10
470,11
470,12
470,13
470,14
470,15
470,16
471,0
471,1
471,2
471,3
471,4
471,5
471,6
471,7
471,8
472,0
472,1
472,2
472,3
472,4
472,5
472,6
472,7
472,8
472,9
472,10
472,11
472,12
472,13
472,14
472,15
472,16
472,17
473,0
474,0
474,1
474,2
474,3
474,4
474,5
474,6
474,7
474,8
474,9
474,10
475,0
476,0
476,1
476,2
477,0
477,1
477,2
477,3
477,4
477,5
477,6
477,7
477,8
477,9
477,10
477,11
477,12
478,0
478,1
478,2
478,3
478,4
478,5
479,0
479,1
479,2
479,3
479,4
479,5
479,6
479,7
479,8
479,9
479,10
479,11
480,0
480,1
481,0
481,1
481,2
481,3
481,4
481,5
481,6
481,7
481,8
481,9
481,10
481,11
481,12
482,0
482,1
482,2
482,3
482,4
482,5
482,6
482,7
482,8
482,9
482,10
482,11
482,12
482,13
482,14
482,15
482,16
482,17
483,0
483,1
483,2
483,3
483,4
483,5
483,6
483,7
483,8
483,9
483,10
483,11
483,12
483,13
484,0
484,1
484,2
484,3
484,4
484,5
484,6
484,7
484,8
484,9
484,10
484,11
484,12
484,13
485,0
485,1
485,2
485,3
485,4
485,5
485,6
485,7
485,8
485,9
485,10
485,11
485,12
485,13
485,14
485,15
485,16
485,17
485,18
485,19
486,0
486,1
486,2
486,3
486,4
486,5
486,6
486,7
486,8
486,9
486,10
487,0
487,1
487,2
487,3
487,4
487,5
487,6
487,7
487,8
487,9
487,10
487,11
488,0
488,1
488,2
488,3
489,0
489,1
489,2
489,3
489,4
489,5
489,6
489,7
490,0
490,1
490,2
490,3
490,4
490,5
490,6
491,0
491,1
491,2
491,3
491,4
491,5
491,6
491,7
491,8
491,9
491,10
491,11
492,0
492,1
492,2
492,3
492,4
493,0
493,1
493,2
493,3
493,4
493,5
493,6
493,7
493,8
493,9
493,10
493,11
494,0
495,0
495,1
495,2
495,3
495,4
495,5
495,6
495,7
496,0
496,1
496,2
496,3
496,4
496,5
496,6
497,0
497,1
498,0
498,1
498,2
498,3
498,4
498,5
498,6
498,7
498,8
499,0
499,1
499,2
499,3
499,4
500,0
500,1
500,2
500,3
500,4
500,5
500,6
500,7
500,8
500,9
500,10
500,11
500,12
501,0
501,1
502,0
502,1
502,2
502,3
503,0
503,1
503,2
503,3
503,4
503,5
503,6
503,7
503,8
503,9
503,10
503,11
503,12
504,0
504,1
504,2
504,3
504,4
504,5
504,6
504,7
504,8
504,9
504,10
504,11
504,12
504,13
504,14
504,15
504,16
504,17
504,18
504,19
505,0
505,1
505,2
505,3
505,4
505,5
506,0
506,1
506,2
506,3
506,4
506,5
506,6
506,7
506,8
506,9
506,10
506,11
506,12
506,13
506,14
507,0
507,1
507,2
507,3
507,4
507,5
507,6
507,7
507,8
507,9
507,10
508,0
508,1
508,2
508,3
508,4
508,5
508,6
508,7
508,8
508,9
509,0
509,1
509,2
509,3
509,4
509,5
509,6
509,7
509,8
510,0
510,1
510,2
510,3
510,4
510,5
510,6
510,7
510,8
510,9
510,10
510,11
510,12
510,13
510,14
510,15
510,16
510,17
510,18
511,0
511,1
511,2
511,3
511,4
511,5
511,6
511,7
511,8
511,9
511,10
511,11
511,12
511,13
511,14
512,0
512,1
512,2
512,3
512,4
513,0
513,1
513,2
513,3
513,4
513,5
513,6
514,0
514,1
514,2
514,3
514,4
514,5
514,6
514,7
514,8
515,0
515,1
515,2
515,3
515,4
515,5
515,6
515,7
515,8
515,9
515,10
515,11
515,12
515,13
515,14
515,15
515,16
515,17
515,18
515,19
516,0
516,1
516,2
516,3
516,4
516,5
516,6
516,7
516,8
516,9
516,10
516,11
516,12
516,13
516,14
517,0
517,1
517,2
517,3
517,4
517,5
517,6
517,7
517,8
517,9
517,10
517,11
517,12
517,13
517,14
517,15
517,16
518,0
518,1
518,2
518,3
518,4
518,5
518,6
518,7
518,8
518,9
518,10
518,11
519,0
519,1
519,2
519,3
519,4
520,0
520,1
520,2
520,3
520,4
520,5
521,0
522,0
522,1
522,2
522,3
522,4
522,5
522,6
522,7
522,8
522,9
523,0
523,1
523,2
523,3
523,4
523,5
523,6
523,7
523,8
523,9
523,10
523,11
523,12
523,13
523,14
523,15
523,16
524,0
524,1
524,2
524,3
524,4
525,0
525,1
525,2
525,3
525,4
525,5
525,6
525,7
525,8
525,9
525,10
525,11
525,12
525,13
525,14
525,15
525,16
525,17
526,0
527,0
527,1
527,2
528,0
528,1
528,2
528,3
528,4
528,5
528,6
528,7
528,8
528,9
528,10
528,11
528,12
528,13
528,14
528,15
528,16
528,17
528,18
529,0
529,1
529,2
529,3
529,4
529,5
529,6
529,7
529,8
529,9
529,10
529,11
529,12
529,13
529,14
530,0
530,1
530,2
530,3
530,4
530,5
530,6
530,7
530,8
530,9
530,10
530,11
531,0
531,1
531,2
531,3
531,4
531,5
531,6
531,7
532,0
532,1
532,2
532,3
532,4
532,5
532,6
532,7
532,8
533,0
533,1
533,2
533,3
533,4
533,5
533,6
533,7
533,8
533,9
534,0
534,1
534,2
534,3
534,4
534,5
534,6
535,0
535,1
535,2
535,3
535,4
535,5
535,6
535,7
535,8
535,9
535,10
535,11
535,12
535,13
535,14
535,15
536,0
536,1
536,2
536,3
536,4
536,5
536,6
536,7
536,8
536,9
536,10
536,11
537,0
537,1
537,2
537,3
537,4
538,0
538,1
538,2
538,3
538,4
538,5
538,6
538,7
538,8
538,9
538,10
538,11
538,12
539,0
539,1
539,2
539,3
539,4
539,5
539,6
539,7
539,8
540,0
540,1
540,2
540,3
540,4
540,5
540,6
540,7
540,8
540,9
540,10
541,0
541,1
541,2
541,3
541,4
541,5
541,6
541,7
541,8
541,9
541,10
541,11
542,0
542,1
542,2
542,3
542,4
542,5
542,6
542,7
542,8
542,9
542,10
542,11
543,0
543,1
543,2
543,3
543,4
543,5
543,6
543,7
544,0
544,1
544,2
544,3
544,4
544,5
544,6
544,7
544,8
544,9
544,10
544,11
544,12
545,0
545,1
545,2
545,3
545,4
546,0
546,1
546,2
546,3
546,4
546,5
547,0
547,1
547,2
547,3
547,4
547,5
547,6
547,7
547,8
547,9
548,0
548,1
548,2
548,3
548,4
548,5
548,6
548,7
548,8
548,9
548,10
548,11
548,12
548,13
548,14
548,15
548,16
548,17
549,0
549,1
549,2
549,3
550,0
550,1
550,2
551,0
551,1
551,2
551,3
552,0
552,1
552,2
552,3
552,4
552,5
552,6
552,7
552,8
552,9
552,10
552,11
552,12
552,13
553,0
553,1
553,2
553,3
553,4
553,5
553,6
553,7
553,8
553,9
554,0
554,1
554,2
554,3
554,4
555,0
555,1
555,2
555,3
555,4
555,5
555,6
555,7
555,8
555,9
555,10
556,0
556,1
556,2
556,3
556,4
557,0
557,1
557,2
557,3
557,4
557,5
557,6
557,7
557,8
557,9
557,10
557,11
557,12
557,13
557,14
558,0
558,1
558,2
558,3
558,4
558,5
559,0
559,1
559,2
559,3
559,4
559,5
559,6
559,7
560,0
560,1
560,2
560,3
560,4
560,5
560,6
560,7
560,8
560,9
560,10
560,11
560,12
560,13
561,0
561,1
561,2
561,3
561,4
561,5
561,6
561,7
561,8
561,9
561,10
562,0
562,1
562,2
562,3
562,4
562,5
562,6
562,7
562,8
562,9
562,10
562,11
562,12
563,0
563,1
563,2
563,3
563,4
563,5
563,6
564,0
564,1
564,2
564,3
564,4
564,5
564,6
564,7
564,8
565,0
565,1
565,2
565,3
565,4
565,5
565,6
565,7
565,8
565,9
566,0
567,0
567,1
567,2
567,3
567,4
567,5
567,6
567,7
567,8
568,0
569,0
569,1
569,2
569,3
569,4
569,5
569,6
569,7
569,8
569,9
569,10
569,11
569,12
569,13
569,14
570,0
570,1
570,2
570,3
570,4
570,5
571,0
571,1
571,2
571,3
571,4
571,5
571,6
571,7
571,8
571,9
571,10
572,0
572,1
572,2
572,3
572,4
572,5
572,6
572,7
572,8
572,9
572,10
572,11
572,12
572,13
572,14
572,15
572,16
573,0
573,1
573,2
573,3
573,4
573,5
573,6
573,7
573,8
573,9
573,10
573,11
573,12
574,0
574,1
574,2
574,3
574,4
574,5
574,6
574,7
574,8
574,9
574,10
575,0
575,1
575,2
575,3
575,4
575,5
575,6
575,7
575,8
575,9
575,10
576,0
576,1
576,2
576,3
576,4
576,5
576,6
576,7
576,8
576,9
576,10
576,11
576,12
577,0
577,1
577,2
577,3
577,4
577,5
577,6
577,7
578,0
578,1
578,2
578,3
578,4
579,0
579,1
579,2
579,3
579,4
579,5
579,6
579,7
579,8
579,9
580,0
580,1
580,2
580,3
580,4
580,5
580,6
580,7
580,8
580,9
580,10
580,11
580,12
580,13
580,14
580,15
580,16
581,0
581,1
581,2
581,3
581,4
581,5
581,6
581,7
581,8
581,9
581,10
581,11
581,12
581,13
581,14
581,15
581,16
581,17
582,0
582,1
582,2
582,3
582,4
582,5
582,6
582,7
582,8
582,9
582,10
582,11
583,0
583,1
583,2
583,3
584,0
584,1
584,2
584,3
585,0
585,1
585,2
585,3
585,4
585,5
585,6
585,7
585,8
585,9
585,10
585,11
585,12
585,13
585,14
585,15
585,16
585,17
586,0
586,1
586,2
586,3
586,4
586,5
586,6
586,7
586,8
586,9
586,10
587,0
587,1
587,2
587,3
587,4
587,5
587,6
587,7
587,8
587,9
587,10
587,11
587,12
587,13
587,14
587,15
588,0
588,1
589,0
589,1
589,2
589,3
589,4
589,5
589,6
589,7
589,8
589,9
589,10
589,11
589,12
589,13
589,14
589,15
589,16
589,17
589,18
590,0
590,1
590,2
590,3
590,4
590,5
590,6
590,7
590,8
590,9
590,10
590,11
590,12
590,13
590,14
590,15
590,16
590,17
590,18
590,19
591,0
591,1
591,2
591,3
591,4
591,5
591,6
591,7
591,8
591,9
591,10
591,11
591,12
591,13
592,0
592,1
592,2
592,3
592,4
592,5
592,6
592,7
592,8
592,9
592,10
592,11
592,12
592,13
592,14
592,15
592,16
592,17
592,18
592,19
593,0
593,1
593,2
593,3
593,4
593,5
593,6
593,7
593,8
593,9
593,10
593,11
593,12
593,13
593,14
593,15
593,16
594,0
594,1
594,2
594,3
594,4
594,5
594,6
594,7
594,8
594,9
594,10
594,11
594,12
594,13
594,14
594,15
595,0
596,0
596,1
597,0
597,1
597,2
597,3
597,4
597,5
597,6
597,7
597,8
597,9
597,10
597,11
597,12
597,13
597,14
597,15
597,16
597,17
598,0
598,1
598,2
598,3
598,4
599,0
599,1
599,2
599,3
599,4
599,5
599,6
599,7
599,8
599,9
599,10
599,11
599,12
600,0
600,1
600,2
601,0
601,1
601,2
601,3
601,4
601,5
601,6
601,7
601,8
601,9
601,10
601,11
601,12
601,13
601,14
602,0
603,0
603,1
603,2
603,3
603,4
604,0
604,1
604,2
604,3
604,4
604,5
604,6
604,7
604,8
604,9
604,10
604,11
604,12
604,13
604,14
605,0
606,0
606,1
606,2
606,3
606,4
606,5
606,6
606,7
606,8
606,9
606,10
606,11
606,12
606,13
607,0
607,1
607,2
607,3
607,4
608,0
609,0
609,1
609,2
610,0
610,1
610,2
610,3
610,4
610,5
610,6
610,7
610,8
610,9
610,10
611,0
611,1
611,2
611,3
611,4
611,5
611,6
611,7
612,0
613,0
613,1
613,2
613,3
613,4
613,5
613,6
613,7
614,0
614,1
614,2
615,0
615,1
615,2
615,3
615,4
615,5
615,6
615,7
615,8
615,9
615,10
615,11
615,12
615,13
615,14
615,15
615,16
615,17
615,18
616,0
616,1
616,2
616,3
616,4
616,5
616,6
616,7
616,8
616,9
616,10
617,0
617,1
617,2
617,3
618,0
618,1
618,2
618,3
618,4
618,5
618,6
618,7
618,8
618,9
618,10
618,11
618,12
618,13
619,0
619,1
619,2
619,3
619,4
619,5
619,6
619,7
619,8
619,9
619,10
619,11
619,12
619,13
619,14
619,15
619,16
619,17
620,0
620,1
620,2
620,3
620,4
620,5
621,0
621,1
621,2
622,0
622,1
622,2
623,0
623,1
623,2
623,3
623,4
623,5
624,0
624,1
624,2
624,3
625,0
625,1
626,0
626,1
626,2
626,3
626,4
626,5
626,6
626,7
626,8
626,9
626,10
626,11
626,12
626,13
626,14
626,15
627,0
627,1
627,2
627,3
627,4
627,5
627,6
627,7
627,8
627,9
627,10
627,11
627,12
627,13
627,14
627,15
627,16
627,17
627,18
627,19
628,0
628,1
628,2
628,3
629,0
629,1
629,2
629,3
629,4
629,5
629,6
629,7
629,8
629,9
629,10
629,11
629,12
630,0
630,1
630,2
630,3
630,4
630,5
630,6
630,7
630,8
630,9
630,10
630,11
630,12
630,13
630,14
630,15
630,16
631,0
631,1
631,2
631,3
631,4
631,5
631,6
631,7
631,8
631,9
631,10
631,11
631,12
632,0
632,1
632,2
632,3
632,4
632,5
632,6
632,7
632,8
632,9
632,10
632,11
632,12
633,0
633,1
633,2
633,3
633,4
633,5
633,6
633,7
633,8
633,9
633,10
634,0
634,1
634,2
634,3
634,4
634,5
634,6
634,7
635,0
635,1
635,2
635,3
636,0
636,1
636,2
636,3
637,0
637,1
637,2
637,3
637,4
637,5
637,6
637,7
637,8
637,9
638,0
638,1
638,2
638,3
638,4
638,5
638,6
638,7
638,8
638,9
638,10
639,0
639,1
639,2
639,3
639,4
639,5
639,6
639,7
639,8
639,9
639,10
639,11
639,12
639,13
640,0
640,1
640,2
640,3
640,4
640,5
640,6
640,7
640,8
641,0
641,1
641,2
641,3
641,4
641,5
641,6
641,7
641,8
641,9
641,10
641,11
641,12
641,13
641,14
642,0
642,1
642,2
642,3
643,0
643,1
643,2
643,3
643,4
644,0
644,1
644,2
644,3
644,4
644,5
645,0
645,1
645,2
645,3
646,0
646,1
646,2
646,3
646,4
646,5
647,0
647,1
647,2
647,3
647,4
647,5
647,6
647,7
647,8
648,0
648,1
648,2
648,3
648,4
648,5
648,6
648,7
648,8
648,9
648,10
648,11
648,12
648,13
648,14
649,0
649,1
649,2
649,3
649,4
650,0
650,1
650,2
650,3
650,4
650,5
650,6
650,7
650,8
651,0
651,1
651,2
651,3
651,4
651,5
651,6
651,7
651,8
651,9
652,0
652,1
652,2
652,3
652,4
652,5
653,0
653,1
653,2
653,3
653,4
653,5
653,6
653,7
653,8
653,9
653,10
653,11
653,12
653,13
653,14
653,15
653,16
654,0
654,1
654,2
654,3
654,4
654,5
655,0
655,1
655,2
655,3
655,4
655,5
655,6
655,7
655,8
655,9
655,10
655,11
655,12
655,13
655,14
655,15
655,16
655,17
655,18
656,0
656,1
657,0
657,1
657,2
658,0
659,0
659,1
659,2
659,3
659,4
659,5
659,6
659,7
659,8
659,9
659,10
659,11
659,12
659,13
659,14
659,15
660,0
660,1
660,2
660,3
660,4
660,5
660,6
660,7
660,8
660,9
660,10
660,11
661,0
661,1
661,2
661,3
661,4
661,5
661,6
661,7
661,8
661,9
661,10
661,11
661,12
661,13
662,0
662,1
662,2
662,3
662,4
662,5
662,6
662,7
662,8
662,9
662,10
662,11
662,12
662,13
663,0
663,1
663,2
663,3
663,4
663,5
663,6
664,0
664,1
664,2
664,3
664,4
664,5
664,6
664,7
664,8
664,9
664,10
664,11
664,12
665,0
665,1
665,2
665,3
665,4
665,5
665,6
665,7
665,8
666,0
666,1
666,2
666,3
666,4
666,5
666,6
666,7
666,8
666,9
666,10
666,11
667,0
667,1
667,2
667,3
667,4
667,5
667,6
667,7
667,8
667,9
667,10
667,11
667,12
667,13
667,14
667,15
668,0
668,1
668,2
668,3
668,4
668,5
668,6
668,7
668,8
668,9
668,10
668,11
668,12
669,0
669,1
670,0
670,1
670,2
670,3
670,4
670,5
670,6
670,7
670,8
670,9
670,10
670,11
671,0
671,1
671,2
671,3
671,4
671,5
671,6
672,0
673,0
673,1
673,2
673,3
673,4
673,5
673,6
673,7
673,8
673,9
673,10
673,11
674,0
674,1
674,2
674,3
674,4
674,5
674,6
674,7
674,8
674,9
674,10
674,11
674,12
675,0
675,1
675,2
675,3
675,4
675,5
676,0
676,1
676,2
676,3
676,4
676,5
676,6
676,7
676,8
676,9
676,10
677,0
677,1
678,0
678,1
678,2
678,3
678,4
678,5
678,6
679,0
679,1
679,2
680,0
680,1
680,2
680,3
680,4
680,5
680,6
680,7
680,8
680,9
680,10
680,11
680,12
680,13
680,14
680,15
680,16
680,17
681,0
681,1
681,2
681,3
681,4
681,5
681,6
681,7
681,8
681,9
681,10
681,11
681,12
681,13
681,14
681,15
682,0
682,1
682,2
682,3
682,4
682,5
682,6
682,7
682,8
682,9
682,10
682,11
682,12
683,0
683,1
683,2
683,3
683,4
683,5
683,6
683,7
683,8
683,9
683,10
683,11
683,12
683,13
683,14
683,15
684,0
684,1
684,2
684,3
684,4
684,5
684,6
684,7
684,8
685,0
685,1
685,2
685,3
685,4
685,5
685,6
685,7
686,0
686,1
686,2
686,3
687,0
687,1
687,2
687,3
687,4
687,5
687,6
687,7
687,8
687,9
687,10
687,11
687,12
687,13
687,14
687,15
687,16
687,17
687,18
688,0
688,1
688,2
688,3
688,4
689,0
689,1
689,2
689,3
689,4
689,5
689,6
689,7
689,8
689,9
689,10
689,11
689,12
689,13
689,14
689,15
689,16
690,0
690,1
690,2
690,3
691,0
691,1
692,0
692,1
692,2
692,3
692,4
692,5
692,6
692,7
692,8
693,0
693,1
693,2
693,3
693,4
693,5
693,6
693,7
693,8
693,9
693,10
693,11
694,0
694,1
694,2
694,3
694,4
694,5
694,6
694,7
694,8
694,9
694,10
694,11
694,12
694,13
694,14
695,0
695,1
695,2
695,3
695,4
695,5
695,6
695,7
695,8
695,9
695,10
695,11
695,12
695,13
695,14
695,15
695,16
696,0
696,1
696,2
696,3
696,4
696,5
696,6
696,7
696,8
696,9
696,10
696,11
696,12
696,13
696,14
696,15
697,0
698,0
698,1
698,2
698,3
698,4
698,5
698,6
698,7
698,8
699,0
699,1
699,2
699,3
699,4
699,5
700,0
700,1
700,2
700,3
700,4
700,5
700,6
700,7
700,8
700,9
700,10
700,11
700,12
700,13
701,0
701,1
701,2
701,3
701,4
701,5
701,6
701,7
701,8
701,9
701,10
701,11
701,12
701,13
701,14
701,15
701,16
701,17
702,0
702,1
702,2
702,3
702,4
703,0
703,1
703,2
703,3
703,4
703,5
703,6
703,7
703,8
703,9
704,0
705,0
706,0
706,1
706,2
706,3
706,4
706,5
706,6
706,7
706,8
707,0
707,1
707,2
707,3
707,4
707,5
707,6
707,7
707,8
707,9
707,10
707,11
707,12
708,0
708,1
708,2
708,3
708,4
708,5
708,6
708,7
709,0
710,0
710,1
710,2
710,3
710,4
710,5
710,6
710,7
710,8
710,9
710,10
711,0
711,1
711,2
711,3
711,4
711,5
711,6
711,7
711,8
711,9
711,10
711,11
711,12
711,13
711,14
711,15
712,0
712,1
712,2
712,3
712,4
712,5
712,6
712,7
712,8
712,9
712,10
712,11
713,0
713,1
713,2
713,3
713,4
713,5
713,6
713,7
713,8
713,9
713,10
713,11
713,12
713,13
713,14
713,15
713,16
713,17
714,0
714,1
715,0
715,1
715,2
715,3
715,4
715,5
715,6
715,7
715,8
715,9
716,0
716,1
716,2
716,3
716,4
716,5
716,6
716,7
716,8
716,9
716,10
716,11
716,12
716,13
716,14
716,15
716,16
716,17
716,18
717,0
717,1
717,2
717,3
717,4
717,5
717,6
717,7
717,8
717,9
717,10
717,11
717,12
717,13
717,14
717,15
718,0
718,1
718,2
718,3
718,4
718,5
718,6
718,7
718,8
718,9
718,10
718,11
718,12
718,13
719,0
719,1
719,2
719,3
719,4
719,5
719,6
719,7
719,8
719,9
719,10
719,11
719,12
719,13
719,14
719,15
719,16
719,17
719,18
720,0
721,0
721,1
721,2
721,3
721,4
721,5
721,6
721,7
721,8
721,9
721,10
721,11
721,12
721,13
721,14
722,0
722,1
722,2
722,3
722,4
722,5
723,0
723,1
723,2
723,3
723,4
723,5
723,6
723,7
723,8
723,9
723,10
723,11
723,12
723,13
723,14
723,15
724,0
724,1
724,2
724,3
724,4
724,5
724,6
724,7
724,8
724,9
724,10
724,11
725,0
725,1
726,0
726,1
726,2
726,3
726,4
726,5
726,6
726,7
726,8
726,9
726,10
726,11
726,12
726,13
726,14
726,15
727,0
727,1
727,2
727,3
727,4
727,5
727,6
727,7
727,8
727,9
727,10
727,11
727,12
727,13
727,14
727,15
728,0
728,1
728,2
728,3
728,4
728,5
728,6
728,7
728,8
728,9
728,10
728,11
728,12
729,0
729,1
729,2
729,3
729,4
729,5
729,6
729,7
729,8
730,0
730,1
730,2
730,3
730,4
730,5
730,6
730,7
730,8
730,9
730,10
730,11
730,12
730,13
730,14
730,15
730,16
730,17
731,0
731,1
731,2
731,3
731,4
731,5
731,6
731,7
731,8
731,9
731,10
732,0
732,1
732,2
732,3
732,4
732,5
732,6
732,7
732,8
732,9
732,10
732,11
732,12
732,13
732,14
732,15
732,16
732,17
732,18
732,19
733,0
733,1
733,2
733,3
734,0
734,1
734,2
734,3
735,0
735,1
735,2
735,3
735,4
735,5
735,6
735,7
735,8
735,9
735,10
735,11
735,12
735,13
735,14
735,15
735,16
735,17
735,18
735,19
736,0
736,1
736,2
736,3
736,4
736,5
736,6
736,7
736,8
736,9
736,10
736,11
736,12
736,13
737,0
737,1
737,2
737,3
737,4
737,5
737,6
738,0
738,1
738,2
739,0
739,1
739,2
739,3
739,4
739,5
739,6
739,7
739,8
739,9
739,10
739,11
739,12
739,13
739,14
739,15
739,16
739,17
740,0
740,1
740,2
741,0
741,1
741,2
741,3
742,0
742,1
742,2
742,3
742,4
742,5
742,6
742,7
742,8
742,9
742,10
742,11
742,12
742,13
743,0
743,1
743,2
743,3
743,4
744,0
744,1
744,2
744,3
744,4
744,5
744,6
744,7
744,8
744,9
744,10
744,11
744,12
744,13
745,0
745,1
745,2
745,3
745,4
745,5
745,6
745,7
745,8
745,9
745,10
746,0
746,1
746,2
747,0
747,1
747,2
747,3
747,4
747,5
747,6
747,7
748,0
748,1
748,2
748,3
748,4
748,5
748,6
748,7
748,8
749,0
749,1
749,2
749,3
749,4
749,5
749,6
749,7
749,8
749,9
749,10
749,11
749,12
749,13
749,14
749,15
749,16
750,0
750,1
750,2
750,3
751,0
751,1
751,2
751,3
751,4
751,5
751,6
751,7
751,8
751,9
751,10
751,11
751,12
751,13
752,0
752,1
752,2
752,3
752,4
752,5
752,6
752,7
752,8
752,9
752,10
752,11
752,12
752,13
752,14
752,15
752,16
753,0
753,1
753,2
753,3
753,4
753,5
753,6
753,7
754,0
754,1
754,2
754,3
754,4
754,5
754,6
754,7
754,8
754,9
754,10
754,11
755,0
755,1
755,2
755,3
755,4
755,5
755,6
755,7
755,8
755,9
756,0
756,1
756,2
756,3
756,4
756,5
756,6
756,7
756,8
756,9
756,10
756,11
756,12
756,13
756,14
756,15
756,16
756,17
756,18
757,0
757,1
757,2
757,3
757,4
757,5
757,6
757,7
757,8
757,9
757,10
757,11
757,12
758,0
758,1
758,2
758,3
758,4
758,5
758,6
758,7
758,8
758,9
758,10
759,0
759,1
759,2
759,3
759,4
759,5
759,6
759,7
759,8
759,9
759,10
759,11
759,12
759,13
759,14
759,15
760,0
761,0
761,1
761,2
761,3
761,4
761,5
761,6
761,7
761,8
761,9
761,10
761,11
761,12
761,13
761,14
761,15
761,16
762,0
762,1
762,2
762,3
763,0
763,1
763,2
763,3
763,4
763,5
764,0
764,1
764,2
764,3
764,4
764,5
764,6
764,7
765,0
765,1
765,2
766,0
766,1
766,2
766,3
766,4
766,5
766,6
766,7
766,8
766,9
766,10
767,0
767,1
767,2
768,0
768,1
768,2
768,3
768,4
768,5
768,6
768,7
768,8
768,9
768,10
769,0
769,1
769,2
770,0
770,1
770,2
770,3
770,4
770,5
770,6
770,7
770,8
770,9
770,10
770,11
770,12
770,13
770,14
770,15
770,16
770,17
770,18
770,19
771,0
771,1
771,2
771,3
771,4
771,5
771,6
771,7
771,8
771,9
771,10
771,11
771,12
771,13
771,14
772,0
772,1
773,0
773,1
773,2
773,3
774,0
774,1
774,2
774,3
774,4
774,5
774,6
774,7
774,8
774,9
774,10
774,11
774,12
774,13
774,14
774,15
774,16
774,17
774,18
775,0
775,1
775,2
775,3
775,4
775,5
775,6
775,7
775,8
775,9
775,10
775,11
775,12
776,0
776,1
776,2
776,3
776,4
776,5
776,6
776,7
777,0
777,1
777,2
777,3
777,4
777,5
777,6
777,7
777,8
777,9
777,10
777,11
777,12
777,13
777,14
777,15
777,16
777,17
778,0
778,1
778,2
778,3
778,4
778,5
779,0
779,1
779,2
779,3
779,4
779,5
779,6
779,7
779,8
779,9
779,10
779,11
779,12
779,13
779,14
779,15
779,16
779,17
780,0
780,1
780,2
780,3
780,4
780,5
781,0
781,1
781,2
781,3
781,4
781,5
781,6
781,7
782,0
782,1
782,2
782,3
782,4
782,5
782,6
782,7
782,8
782,9
782,10
782,11
783,0
783,1
783,2
783,3
783,4
783,5
783,6
783,7
783,8
783,9
783,10
783,11
783,12
783,13
783,14
783,15
784,0
784,1
784,2
784,3
784,4
784,5
784,6
784,7
784,8
784,9
784,10
784,11
784,12
784,13
784,14
785,0
785,1
785,2
785,3
785,4
785,5
785,6
785,7
785,8
786,0
786,1
786,2
786,3
786,4
786,5
786,6
786,7
786,8
786,9
786,10
786,11
786,12
786,13
786,14
786,15
786,16
786,17
787,0
787,1
787,2
787,3
787,4
787,5
787,6
787,7
787,8
787,9
787,10
787,11
787,12
787,13
787,14
787,15
787,16
787,17
788,0
788,1
788,2
788,3
789,0
789,1
789,2
789,3
789,4
789,5
789,6
789,7
789,8
789,9
789,10
789,11
789,12
789,13
789,14
789,15
789,16
789,17
789,18
790,0
790,1
790,2
790,3
790,4
791,0
791,1
791,2
791,3
792,0
792,1
792,2
792,3
792,4
792,5
792,6
792,7
792,8
792,9
792,10
792,11
793,0
793,1
793,2
793,3
793,4
793,5
793,6
793,7
793,8
793,9
793,10
794,0
794,1
794,2
794,3
795,0
795,1
795,2
795,3
795,4
795,5
795,6
795,7
795,8
795,9
795,10
795,11
795,12
795,13
796,0
796,1
797,0
797,1
797,2
797,3
797,4
797,5
797,6
797,7
797,8
797,9
797,10
797,11
797,12
797,13
797,14
798,0
798,1
798,2
798,3
798,4
798,5
798,6
798,7
798,8
798,9
798,10
798,11
798,12
798,13
798,14
798,15
798,16
798,17
798,18
798,19
799,0
799,1
799,2
799,3
800,0
800,1
800,2
800,3
800,4
800,5
800,6
800,7
800,8
800,9
800,10
801,0
801,1
801,2
801,3
801,4
801,5
801,6
801,7
801,8
801,9
801,10
801,11
801,12
801,13
801,14
802,0
802,1
802,2
802,3
802,4
802,5
802,6
802,7
802,8
802,9
802,10
802,11
802,12
802,13
803,0
803,1
803,2
803,3
803,4
803,5
803,6
803,7
803,8
803,9
803,10
803,11
803,12
803,13
803,14
803,15
803,16
803,17
804,0
804,1
804,2
804,3
804,4
804,5
804,6
804,7
804,8
804,9
804,10
804,11
804,12
804,13
804,14
804,15
804,16
805,0
805,1
805,2
805,3
805,4
805,5
805,6
805,7
805,8
805,9
805,10
805,11
805,12
805,13
805,14
805,15
805,16
805,17
805,18
806,0
806,1
806,2
806,3
806,4
806,5
806,6
806,7
806,8
806,9
806,10
806,11
806,12
806,13
806,14
807,0
807,1
807,2
807,3
807,4
807,5
807,6
807,7
807,8
807,9
807,10
807,11
807,12
807,13
807,14
808,0
808,1
808,2
808,3
808,4
808,5
808,6
808,7
809,0
809,1
809,2
809,3
809,4
809,5
809,6
809,7
809,8
809,9
810,0
810,1
810,2
810,3
810,4
810,5
810,6
810,7
810,8
810,9
810,10
810,11
810,12
810,13
810,14
811,0
811,1
811,2
811,3
811,4
811,5
811,6
812,0
812,1
812,2
812,3
812,4
812,5
812,6
812,7
812,8
812,9
812,10
813,0
813,1
813,2
813,3
813,4
813,5
813,6
813,7
814,0
814,1
814,2
814,3
814,4
814,5
814,6
814,7
814,8
815,0
815,1
815,2
815,3
815,4
815,5
815,6
815,7
815,8
815,9
815,10
815,11
815,12
815,13
815,14
815,15
815,16
816,0
816,1
816,2
817,0
817,1
817,2
817,3
817,4
817,5
817,6
818,0
818,1
818,2
818,3
818,4
818,5
818,6
818,7
818,8
818,9
818,10
818,11
818,12
818,13
818,14
818,15
818,16
819,0
819,1
819,2
819,3
819,4
819,5
819,6
819,7
819,8
819,9
819,10
819,11
819,12
819,13
819,14
820,0
820,1
820,2
821,0
821,1
821,2
821,3
821,4
822,0
823,0
823,1
823,2
823,3
823,4
823,5
823,6
823,7
824,0
824,1
824,2
824,3
824,4
825,0
826,0
826,1
826,2
826,3
826,4
826,5
826,6
826,7
826,8
826,9
826,10
826,11
826,12
826,13
826,14
826,15
826,16
826,17
826,18
827,0
827,1
827,2
827,3
827,4
827,5
827,6
828,0
828,1
828,2
828,3
828,4
828,5
828,6
828,7
828,8
828,9
828,10
828,11
828,12
828,13
828,14
828,15
829,0
829,1
829,2
829,3
829,4
829,5
829,6
829,7
830,0
830,1
830,2
830,3
830,4
830,5
830,6
831,0
831,1
831,2
831,3
831,4
831,5
831,6
831,7
831,8
831,9
831,10
831,11
831,12
831,13
831,14
831,15
831,16
832,0
832,1
832,2
832,3
832,4
832,5
833,0
833,1
833,2
833,3
833,4
833,5
833,6
833,7
833,8
834,0
834,1
834,2
834,3
835,0
835,1
835,2
835,3
835,4
835,5
835,6
835,7
835,8
835,9
835,10
835,11
835,12
835,13
835,14
835,15
835,16
836,0
836,1
836,2
836,3
836,4
836,5
836,6
836,7
836,8
836,9
837,0
837,1
837,2
837,3
837,4
837,5
837,6
837,7
837,8
837,9
837,10
837,11
837,12
837,13
837,14
837,15
837,16
837,17
837,18
837,19
838,0
838,1
838,2
838,3
838,4
838,5
838,6
838,7
838,8
838,9
838,10
838,11
839,0
839,1
839,2
839,3
839,4
840,0
840,1
840,2
840,3
840,4
840,5
840,6
840,7
840,8
840,9
841,0
841,1
841,2
841,3
841,4
842,0
842,1
842,2
842,3
842,4
842,5
842,6
842,7
842,8
842,9
842,10
842,11
842,12
843,0
843,1
843,2
843,3
843,4
843,5
843,6
844,0
844,1
844,2
844,3
844,4
844,5
844,6
845,0
845,1
845,2
845,3
845,4
845,5
845,6
845,7
845,8
845,9
845,10
846,0
846,1
846,2
846,3
846,4
846,5
846,6
846,7
846,8
846,9
846,10
846,11
846,12
846,13
847,0
847,1
847,2
847,3
847,4
847,5
847,6
847,7
847,8
847,9
847,10
847,11
847,12
847,13
847,14
847,15
847,16
847,17
848,0
848,1
848,2
849,0
849,1
849,2
849,3
849,4
849,5
849,6
849,7
849,8
849,9
849,10
849,11
849,12
849,13
849,14
850,0
850,1
850,2
850,3
850,4
850,5
850,6
850,7
850,8
850,9
850,10
850,11
850,12
850,13
850,14
850,15
850,16
851,0
851,1
851,2
851,3
851,4
851,5
851,6
851,7
851,8
851,9
851,10
851,11
851,12
851,13
851,14
851,15
851,16
852,0
852,1
852,2
852,3
852,4
852,5
852,6
852,7
853,0
853,1
853,2
853,3
853,4
853,5
853,6
853,7
853,8
853,9
853,10
853,11
853,12
853,13
853,14
853,15
853,16
854,0
854,1
854,2
854,3
854,4
854,5
854,6
855,0
855,1
855,2
855,3
856,0
856,1
856,2
856,3
857,0
857,1
857,2
857,3
857,4
857,5
857,6
858,0
858,1
858,2
858,3
858,4
858,5
858,6
858,7
858,8
858,9
858,10
858,11
858,12
858,13
858,14
858,15
858,16
858,17
858,18
858,19
859,0
859,1
859,2
859,3
859,4
859,5
859,6
859,7
859,8
859,9
859,10
859,11
859,12
859,13
859,14
859,15
859,16
859,17
859,18
860,0
860,1
860,2
860,3
860,4
861,0
861,1
861,2
861,3
861,4
861,5
861,6
861,7
861,8
861,9
861,10
861,11
861,12
861,13
861,14
862,0
862,1
862,2
862,3
862,4
862,5
862,6
862,7
862,8
862,9
862,10
862,11
862,12
862,13
862,14
862,15
862,16
862,17
862,18
862,19
863,0
863,1
863,2
863,3
863,4
863,5
863,6
863,7
863,8
863,9
863,10
863,11
863,12
863,13
863,14
863,15
863,16
864,0
864,1
864,2
864,3
864,4
864,5
864,6
864,7
864,8
864,9
864,10
864,11
864,12
864,13
864,14
865,0
865,1
865,2
865,3
865,4
865,5
865,6
865,7
865,8
865,9
865,10
866,0
866,1
866,2
866,3
866,4
866,5
866,6
866,7
866,8
866,9
866,10
866,11
866,12
866,13
866,14
866,15
866,16
866,17
866,18
867,0
867,1
867,2
867,3
867,4
867,5
867,6
867,7
867,8
867,9
867,10
867,11
867,12
867,13
867,14
868,0
868,1
869,0
869,1
869,2
869,3
869,4
869,5
869,6
869,7
869,8
869,9
869,10
869,11
870,0
870,1
870,2
870,3
870,4
870,5
870,6
870,7
870,8
870,9
871,0
871,1
871,2
872,0
872,1
872,2
872,3
872,4
872,5
872,6
872,7
872,8
872,9
872,10
872,11
872,12
872,13
872,14
872,15
872,16
872,17
872,18
872,19
873,0
873,1
873,2
874,0
874,1
874,2
875,0
875,1
875,2
875,3
875,4
875,5
875,6
875,7
875,8
875,9
875,10
875,11
875,12
875,13
875,14
875,15
876,0
876,1
876,2
876,3
876,4
876,5
876,6
876,7
877,0
877,1
877,2
877,3
877,4
877,5
877,6
877,7
877,8
877,9
877,10
877,11
877,12
877,13
877,14
877,15
877,16
877,17
877,18
877,19
878,0
878,1
878,2
878,3
878,4
878,5
878,6
878,7
878,8
878,9
878,10
878,11
878,12
878,13
878,14
878,15
879,0
879,1
879,2
879,3
879,4
879,5
879,6
879,7
879,8
879,9
879,10
879,11
879,12
880,0
880,1
880,2
880,3
880,4
880,5
880,6
880,7
880,8
880,9
880,10
880,11
880,12
880,13
880,14
880,15
881,0
881,1
881,2
881,3
881,4
881,5
881,6
881,7
881,8
881,9
881,10
881,11
881,12
881,13
881,14
882,0
882,1
882,2
882,3
882,4
882,5
882,6
882,7
882,8
882,9
882,10
882,11
882,12
882,13
882,14
882,15
882,16
882,17
882,18
882,19
883,0
883,1
883,2
883,3
883,4
884,0
884,1
884,2
884,3
884,4
884,5
884,6
884,7
884,8
884,9
884,10
884,11
884,12
884,13
884,14
884,15
884,16
884,17
884,18
885,0
885,1
885,2
886,0
886,1
886,2
886,3
886,4
886,5
886,6
886,7
886,8
886,9
886,10
886,11
886,12
886,13
887,0
887,1
887,2
887,3
887,4
887,5
887,6
887,7
888,0
888,1
888,2
888,3
888,4
888,5
888,6
888,7
889,0
889,1
889,2
889,3
889,4
889,5
889,6
889,7
889,8
889,9
889,10
889,11
889,12
889,13
889,14
889,15
889,16
889,17
889,18
890,0
890,1
890,2
890,3
890,4
890,5
890,6
890,7
890,8
890,9
890,10
890,11
890,12
890,13
890,14
890,15
891,0
891,1
891,2
891,3
891,4
891,5
891,6
891,7
891,8
892,0
892,1
892,2
892,3
892,4
892,5
892,6
892,7
892,8
892,9
892,10
892,11
892,12
892,13
892,14
892,15
892,16
893,0
893,1
893,2
893,3
893,4
893,5
894,0
895,0
895,1
895,2
895,3
895,4
895,5
895,6
895,7
895,8
895,9
896,0
896,1
896,2
896,3
896,4
896,5
896,6
896,7
896,8
896,9
896,10
896,11
896,12
897,0
897,1
897,2
898,0
898,1
898,2
898,3
898,4
898,5
899,0
899,1
899,2
899,3
899,4
899,5
899,6
899,7
899,8
900,0
900,1
900,2
900,3
900,4
900,5
900,6
900,7
900,8
900,9
900,10
900,11
900,12
900,13
900,14
900,15
900,16
901,0
901,1
901,2
901,3
901,4
901,5
901,6
901,7
901,8
901,9
902,0
902,1
902,2
902,3
902,4
902,5
902,6
902,7
902,8
902,9
902,10
903,0
903,1
903,2
904,0
904,1
904,2
904,3
904,4
904,5
904,6
904,7
905,0
905,1
905,2
905,3
905,4
905,5
905,6
906,0
907,0
907,1
907,2
907,3
907,4
907,5
908,0
908,1
908,2
908,3
908,4
908,5
908,6
908,7
908,8
908,9
908,10
908,11
908,12
908,13
908,14
909,0
909,1
909,2
909,3
909,4
909,5
909,6
909,7
909,8
909,9
909,10
909,11
909,12
909,13
909,14
909,15
909,16
909,17
909,18
910,0
910,1
911,0
911,1
911,2
911,3
911,4
911,5
911,6
911,7
911,8
911,9
911,10
911,11
911,12
911,13
912,0
912,1
912,2
912,3
912,4
913,0
913,1
913,2
913,3
913,4
913,5
913,6
913,7
913,8
913,9
913,10
913,11
913,12
913,13
913,14
914,0
914,1
914,2
914,3
914,4
914,5
914,6
914,7
914,8
914,9
915,0
915,1
915,2
915,3
915,4
915,5
915,6
915,7
915,8
915,9
915,10
915,11
915,12
915,13
915,14
915,15
915,16
915,17
915,18
916,0
916,1
916,2
916,3
916,4
916,5
916,6
916,7
916,8
916,9
916,10
916,11
916,12
916,13
916,14
916,15
917,0
917,1
917,2
917,3
917,4
917,5
917,6
917,7
917,8
917,9
918,0
918,1
918,2
918,3
918,4
918,5
918,6
918,7
918,8
918,9
918,10
918,11
918,12
918,13
918,14
918,15
918,16
918,17
918,18
918,19
919,0
919,1
920,0
920,1
920,2
920,3
921,0
921,1
921,2
921,3
921,4
921,5
921,6
921,7
921,8
921,9
922,0
922,1
922,2
922,3
922,4
922,5
922,6
922,7
922,8
922,9
922,10
922,11
922,12
922,13
923,0
923,1
923,2
923,3
923,4
923,5
923,6
923,7
923,8
923,9
923,10
923,11
923,12
923,13
923,14
923,15
924,0
924,1
924,2
924,3
924,4
924,5
925,0
925,1
925,2
925,3
925,4
925,5
925,6
926,0
926,1
926,2
926,3
926,4
926,5
926,6
926,7
926,8
927,0
927,1
927,2
927,3
927,4
927,5
927,6
927,7
928,0
928,1
928,2
928,3
928,4
928,5
928,6
929,0
929,1
929,2
929,3
929,4
929,5
929,6
929,7
929,8
930,0
931,0
931,1
932,0
932,1
932,2
933,0
933,1
933,2
933,3
933,4
933,5
933,6
933,7
933,8
933,9
933,10
933,11
933,12
934,0
934,1
934,2
934,3
934,4
934,5
934,6
934,7
934,8
934,9
935,0
936,0
936,1
936,2
936,3
936,4
936,5
936,6
936,7
936,8
936,9
936,10
936,11
936,12
936,13
936,14
936,15
936,16
936,17
936,18
936,19
937,0
937,1
937,2
937,3
937,4
937,5
938,0
938,1
938,2
938,3
939,0
939,1
939,2
939,3
939,4
939,5
939,6
939,7
939,8
939,9
939,10
939,11
939,12
939,13
939,14
939,15
939,16
939,17
939,18
940,0
940,1
940,2
940,3
940,4
940,5
940,6
940,7
940,8
940,9
940,10
941,0
941,1
941,2
941,3
941,4
941,5
941,6
941,7
941,8
941,9
941,10
941,11
941,12
941,13
941,14
941,15
941,16
941,17
941,18
942,0
942,1
942,2
942,3
942,4
942,5
942,6
942,7
942,8
943,0
943,1
943,2
943,3
943,4
943,5
943,6
943,7
943,8
943,9
943,10
943,11
944,0
944,1
944,2
944,3
944,4
945,0
945,1
945,2
945,3
945,4
945,5
945,6
945,7
945,8
945,9
945,10
945,11
945,12
945,13
945,14
945,15
945,16
945,17
945,18
945,19
946,0
946,1
946,2
946,3
946,4
946,5
946,6
946,7
946,8
946,9
946,10
946,11
946,12
946,13
946,14
947,0
947,1
947,2
947,3
947,4
947,5
947,6
947,7
947,8
947,9
947,10
947,11
947,12
948,0
948,1
948,2
949,0
949,1
949,2
949,3
949,4
949,5
949,6
950,0
950,1
950,2
951,0
951,1
951,2
951,3
951,4
951,5
951,6
951,7
951,8
951,9
951,10
952,0
952,1
952,2
952,3
952,4
952,5
952,6
953,0
953,1
953,2
953,3
953,4
953,5
953,6
953,7
953,8
953,9
954,0
954,1
954,2
954,3
954,4
954,5
954,6
954,7
954,8
954,9
954,10
955,0
955,1
955,2
955,3
955,4
955,5
955,6
955,7
955,8
955,9
955,10
955,11
955,12
955,13
955,14
955,15
955,16
955,17
955,18
956,0
956,1
956,2
956,3
956,4
956,5
956,6
956,7
956,8
956,9
956,10
957,0
957,1
957,2
957,3
958,0
958,1
958,2
958,3
958,4
958,5
958,6
958,7
958,8
958,9
958,10
958,11
958,12
958,13
958,14
959,0
959,1
959,2
959,3
959,4
960,0
960,1
960,2
960,3
960,4
960,5
960,6
960,7
960,8
960,9
960,10
961,0
961,1
961,2
961,3
961,4
961,5
961,6
961,7
961,8
961,9
961,10
961,11
961,12
961,13
961,14
961,15
962,0
962,1
962,2
962,3
962,4
962,5
962,6
962,7
962,8
962,9
962,10
962,11
962,12
962,13
963,0
963,1
963,2
963,3
963,4
963,5
963,6
963,7
964,0
964,1
964,2
964,3
964,4
964,5
964,6
964,7
964,8
964,9
965,0
965,1
965,2
965,3
965,4
965,5
965,6
965,7
965,8
965,9
965,10
965,11
965,12
965,13
965,14
965,15
965,16
966,0
966,1
966,2
966,3
966,4
966,5
966,6
967,0
967,1
967,2
967,3
967,4
967,5
967,6
967,7
967,8
967,9
967,10
967,11
967,12
967,13
967,14
967,15
967,16
967,17
968,0
968,1
968,2
968,3
968,4
969,0
969,1
969,2
969,3
969,4
969,5
969,6
969,7
969,8
969,9
969,10
969,11
969,12
970,0
970,1
970,2
970,3
970,4
970,5
970,6
971,0
971,1
971,2
971,3
971,4
971,5
971,6
971,7
972,0
972,1
972,2
972,3
972,4
972,5
972,6
972,7
972,8
972,9
972,10
972,11
972,12
973,0
973,1
974,0
974,1
974,2
974,3
974,4
974,5
975,0
975,1
975,2
975,3
975,4
975,5
975,6
975,7
975,8
975,9
975,10
975,11
975,12
975,13
975,14
976,0
976,1
976,2
976,3
976,4
976,5
976,6
976,7
976,8
976,9
976,10
977,0
977,1
977,2
977,3
977,4
977,5
977,6
977,7
978,0
978,1
978,2
978,3
978,4
979,0
979,1
979,2
980,0
980,1
980,2
980,3
980,4
980,5
980,6
980,7
980,8
980,9
980,10
980,11
980,12
980,13
980,14
980,15
980,16
980,17
981,0
981,1
981,2
981,3
981,4
981,5
981,6
981,7
981,8
981,9
981,10
981,11
981,12
981,13
981,14
981,15
981,16
981,17
981,18
981,19
982,0
982,1
982,2
982,3
982,4
982,5
982,6
982,7
982,8
982,9
982,10
982,11
982,12
982,13
982,14
982,15
982,16
983,0
983,1
983,2
983,3
983,4
983,5
983,6
983,7
983,8
983,9
983,10
983,11
983,12
983,13
983,14
983,15
983,16
983,17
984,0
984,1
984,2
984,3
984,4
984,5
984,6
984,7
985,0
985,1
985,2
985,3
985,4
985,5
985,6
985,7
985,8
985,9
985,10
985,11
985,12
985,13
986,0
986,1
986,2
986,3
986,4
986,5
986,6
987,0
987,1
987,2
987,3
988,0
988,1
988,2
988,3
988,4
989,0
989,1
989,2
989,3
990,0
990,1
990,2
990,3
990,4
990,5
990,6
990,7
990,8
990,9
990,10
991,0
991,1
991,2
991,3
991,4
991,5
991,6
991,7
991,8
991,9
992,0
992,1
992,2
992,3
992,4
992,5
992,6
992,7
992,8
992,9
992,10
993,0
993,1
993,2
993,3
993,4
993,5
993,6
993,7
993,8
993,9
993,10
993,11
993,12
993,13
993,14
993,15
993,16
993,17
994,0
994,1
994,2
994,3
994,4
994,5
994,6
994,7
994,8
994,9
994,10
994,11
994,12
994,13
995,0
995,1
995,2
995,3
995,4
995,5
995,6
995,7
995,8
995,9
995,10
995,11
995,12
996,0
996,1
996,2
996,3
996,4
996,5
996,6
996,7
997,0
997,1
997,2
998,0
998,1
998,2
998,3
998,4
998,5
998,6
999,0
999,1
999,2
999,3
999,4
999,5
999,6
999,7
999,8
999,9
999,10
999,11
999,12
999,13
999,14
999,15
999,16
999,17
999,18
